awayConference,awayMoneyline,awayScore,awayTeam_x,awayTeamId_x,gameId,homeConference,homeMoneyline,homeScore,homeTeam_x,homeTeamId_x,overUnder,overUnderOpen,provider,season,seasonType,spread,spreadOpen,startDate_x,majority_sign_sum,provider_count,homeTeam_y,awayTeam_y,homeTeamId_y,awayTeamId_y,neutralSite,startDate_y,confidence,reason_flag,rating_edge
MEAC,176.0,57,North Carolina Central,199,56049,OVC,-200.0,52,Eastern Illinois,77,133.0,,teamrankings,2016,regular,4.5,,2015-12-22T19:00:00.000Z,1.0,1.0,Eastern Illinois,North Carolina Central,77,199,True,2015-12-22T19:00:00.000Z,medium,moneyline_conflict,
Am. East,-1100.0,65,UMBC,317,54615,Big West,789.0,78,Cal Poly,35,138.0,,teamrankings,2016,regular,-13.5,,2015-11-22T19:00:00.000Z,-1.0,1.0,Cal Poly,UMBC,35,317,True,2015-11-22T19:00:00.000Z,high,strong_moneyline_conflict,
MEAC,-235.0,72,North Carolina A&T,198,54621,MAAC,205.0,73,Niagara,194,140.0,,teamrankings,2016,regular,-5.5,,2015-11-22T19:30:00.000Z,-1.0,1.0,Niagara,North Carolina A&T,194,198,True,2015-11-22T19:30:00.000Z,medium,moneyline_conflict,
Pac-12,226.0,90,California,40,54934,A-10,-260.0,94,Richmond,242,145.0,,teamrankings,2016,regular,6.0,,2015-11-28T01:00:00.000Z,1.0,1.0,Richmond,California,242,40,True,2015-11-28T01:00:00.000Z,high,strong_moneyline_conflict,
ACC,200.0,66,Notre Dame,213,49643,Big East,-240.0,74,Villanova,338,145.0,,numberfire,2017,regular,6.0,,2016-12-10T17:00:00.000Z,0.0,2.0,Villanova,Notre Dame,338,213,True,2016-12-10T17:00:00.000Z,medium,moneyline_conflict,
Big Ten,159.0,92,Iowa,124,49007,American,-180.0,100,Memphis,163,150.0,,teamrankings,2017,regular,4.0,,2016-11-26T21:00:00.000Z,1.0,1.0,Memphis,Iowa,163,124,True,2016-11-26T21:00:00.000Z,medium,moneyline_conflict,
WAC,205.0,77,Cal State Bakersfield,36,49019,ASUN,-235.0,54,North Florida,203,147.0,,teamrankings,2017,regular,5.0,,2016-11-26T21:30:00.000Z,1.0,1.0,North Florida,Cal State Bakersfield,203,36,True,2016-11-26T21:30:00.000Z,medium,moneyline_conflict,
MVC,-330.0,62,Evansville,82,49029,CAA,282.0,65,UNC Wilmington,321,131.0,,teamrankings,2017,regular,-7.0,,2016-11-26T23:00:00.000Z,-1.0,1.0,UNC Wilmington,Evansville,321,82,True,2016-11-26T23:00:00.000Z,high,strong_moneyline_conflict,
ACC,-270.0,54,Boston College,26,49033,A-10,234.0,67,Richmond,242,142.0,,teamrankings,2017,regular,-6.0,,2016-11-27T00:00:00.000Z,-1.0,1.0,Richmond,Boston College,242,26,True,2016-11-27T00:00:00.000Z,high,strong_moneyline_conflict,
ACC,568.0,63,Virginia,339,49034,Big East,-730.0,52,Providence,235,117.0,,teamrankings,2017,regular,12.0,,2016-11-27T00:00:00.000Z,1.0,1.0,Providence,Virginia,235,339,True,2016-11-27T00:00:00.000Z,high,strong_moneyline_conflict,
MAC,172.0,65,Akron,3,49040,SoCon,-195.0,63,Mercer,164,136.0,,teamrankings,2017,regular,4.0,,2016-11-27T00:30:00.000Z,1.0,1.0,Mercer,Akron,164,3,True,2016-11-27T00:30:00.000Z,medium,moneyline_conflict,
CAA,180.0,102,UNC Wilmington,321,49083,MAC,-205.0,77,Toledo,300,143.0,,teamrankings,2017,regular,4.0,,2016-11-27T21:00:00.000Z,1.0,1.0,Toledo,UNC Wilmington,300,321,True,2016-11-27T21:00:00.000Z,medium,moneyline_conflict,
A-10,-736.0,58,La Salle,137,43332,Patriot,519.0,54,Holy Cross,111,130.5,,consensus,2018,regular,-10.0,,2017-12-02T14:30:00.000Z,-1.0,3.0,Holy Cross,La Salle,111,137,True,2017-12-02T14:30:00.000Z,high,strong_moneyline_conflict,
Sun Belt,-317.0,80,Troy,302,42125,Big Sky,259.0,83,North Dakota,201,154.0,,consensus,2018,regular,-7.0,,2017-11-11T02:30:00.000Z,1.0,3.0,North Dakota,Troy,201,302,True,2017-11-11T02:30:00.000Z,high,strong_moneyline_conflict,
Big Sky,-1392.0,80,North Dakota,201,42299,SWAC,832.0,71,Arkansas-Pine Bluff,14,148.5,,consensus,2018,regular,-14.0,,2017-11-14T02:30:00.000Z,-1.0,3.0,Arkansas-Pine Bluff,North Dakota,14,201,True,2017-11-14T02:30:00.000Z,high,strong_moneyline_conflict,
CAA,278.0,78,James Madison,129,42478,Horizon,-347.0,87,Northern Kentucky,210,147.5,,consensus,2018,regular,8.0,,2017-11-17T22:00:00.000Z,1.0,3.0,Northern Kentucky,James Madison,210,129,True,2017-11-17T22:00:00.000Z,high,strong_moneyline_conflict,
CUSA,280.0,69,UTSA,328,42527,MVC,-352.0,71,Bradley,29,140.0,,consensus,2018,regular,7.5,,2017-11-18T16:00:00.000Z,1.0,3.0,Bradley,UTSA,29,328,True,2017-11-18T16:00:00.000Z,high,strong_moneyline_conflict,
American,-421.0,68,Houston,113,42529,Big South,335.0,66,Liberty,142,137.5,,consensus,2018,regular,-9.0,,2017-11-18T17:00:00.000Z,1.0,3.0,Liberty,Houston,142,113,False,2017-11-18T17:00:00.000Z,high,strong_moneyline_conflict,
Sun Belt,424.0,67,Coastal Carolina,54,42563,Am. East,-564.0,80,Vermont,337,138.5,,consensus,2018,regular,10.0,,2017-11-18T22:00:00.000Z,0.0,2.0,Vermont,Coastal Carolina,337,54,True,2017-11-18T22:00:00.000Z,high,strong_moneyline_conflict,
NEC,-340.0,69,Sacred Heart,250,42609,Am. East,275.0,68,Maine,154,145.0,,consensus,2018,regular,-7.5,,2017-11-19T17:30:00.000Z,0.0,2.0,Maine,Sacred Heart,154,250,True,2017-11-19T17:30:00.000Z,high,strong_moneyline_conflict,
Horizon,193.0,64,Northern Kentucky,210,42655,Am. East,-232.0,66,Vermont,337,145.5,,consensus,2018,regular,5.5,,2017-11-20T01:00:00.000Z,0.0,2.0,Vermont,Northern Kentucky,337,210,True,2017-11-20T01:00:00.000Z,medium,moneyline_conflict,
MAC,-320.0,58,Miami (OH),167,42660,Am. East,260.0,68,Hartford,363,138.5,,consensus,2018,regular,-7.0,,2017-11-20T03:10:00.000Z,-1.0,3.0,Hartford,Miami (OH),363,167,True,2017-11-20T03:10:00.000Z,high,strong_moneyline_conflict,
MVC,-362.0,69,Missouri State,176,42718,MAAC,293.0,65,Manhattan,155,141.5,,consensus,2018,regular,-8.0,,2017-11-21T16:00:00.000Z,-1.0,3.0,Manhattan,Missouri State,155,176,True,2017-11-21T16:00:00.000Z,high,strong_moneyline_conflict,
Big Sky,273.0,47,Sacramento State,249,42778,Big West,-338.0,64,UC Davis,307,135.5,,consensus,2018,regular,7.0,,2017-11-22T03:05:00.000Z,1.0,3.0,UC Davis,Sacramento State,307,249,True,2017-11-22T03:05:00.000Z,high,strong_moneyline_conflict,
CUSA,432.0,60,Florida Atlantic,86,42787,MVC,-583.0,71,Missouri State,176,137.0,,consensus,2018,regular,10.0,,2017-11-22T18:30:00.000Z,0.0,2.0,Missouri State,Florida Atlantic,176,86,True,2017-11-22T18:30:00.000Z,high,strong_moneyline_conflict,
Ivy,-664.0,68,Pennsylvania,227,42807,WAC,479.0,65,Kansas City,130,144.5,,consensus,2018,regular,-10.5,,2017-11-22T22:00:00.000Z,0.0,2.0,Kansas City,Pennsylvania,130,227,True,2017-11-22T22:00:00.000Z,high,strong_moneyline_conflict,
Mountain West,-293.0,79,Fresno State,92,42811,A-10,243.0,73,George Mason,95,135.5,,consensus,2018,regular,-6.5,,2017-11-22T23:00:00.000Z,0.0,2.0,George Mason,Fresno State,95,92,True,2017-11-22T23:00:00.000Z,high,strong_moneyline_conflict,
A-10,491.0,46,La Salle,137,42781,ACC,-694.0,57,Miami,168,143.0,,consensus,2018,regular,10.5,,2017-11-22T23:00:00.000Z,-1.0,3.0,Miami,La Salle,168,137,True,2017-11-22T23:00:00.000Z,high,strong_moneyline_conflict,
MVC,173.0,61,Evansville,82,42845,CUSA,-200.0,63,Louisiana Tech,149,136.5,,consensus,2018,regular,4.5,,2017-11-23T01:30:00.000Z,0.0,2.0,Louisiana Tech,Evansville,149,82,True,2017-11-23T01:30:00.000Z,medium,moneyline_conflict,
SEC,-3469.0,79,Ole Miss,220,42850,CUSA,1500.0,62,Rice,241,157.0,,consensus,2018,regular,-19.5,,2017-11-23T03:00:00.000Z,0.0,2.0,Rice,Ole Miss,241,220,True,2017-11-23T03:00:00.000Z,high,strong_moneyline_conflict,
SEC,318.0,76,Tennessee,292,42859,Big East,-400.0,85,Villanova,338,143.5,,consensus,2018,regular,8.0,,2017-11-23T17:30:00.000Z,1.0,3.0,Villanova,Tennessee,338,292,True,2017-11-23T17:30:00.000Z,high,strong_moneyline_conflict,
Big Ten,-5000.0,73,Purdue,236,42873,CUSA,1600.0,77,Western Kentucky,350,148.0,,consensus,2018,regular,-19.0,,2017-11-24T00:00:00.000Z,-1.0,3.0,Western Kentucky,Purdue,350,236,True,2017-11-24T00:00:00.000Z,high,strong_moneyline_conflict,
Pac-12,-350.0,60,Arizona,11,42879,American,285.0,66,SMU,248,141.0,,consensus,2018,regular,-7.5,,2017-11-24T02:30:00.000Z,0.0,2.0,SMU,Arizona,248,11,True,2017-11-24T02:30:00.000Z,high,strong_moneyline_conflict,
MVC,810.0,50,Northern Iowa,209,42889,Big East,-1364.0,64,Villanova,338,132.0,,consensus,2018,regular,14.0,,2017-11-24T17:00:00.000Z,0.0,2.0,Villanova,Northern Iowa,338,209,True,2017-11-24T17:00:00.000Z,high,strong_moneyline_conflict,
Big West,-1488.0,77,UC Irvine,308,42898,Big Sky,874.0,71,Northern Arizona,206,143.0,,consensus,2018,regular,-14.5,,2017-11-24T19:00:00.000Z,0.0,2.0,Northern Arizona,UC Irvine,206,308,True,2017-11-24T19:00:00.000Z,high,strong_moneyline_conflict,
ACC,291.0,58,NC State,185,42901,SEC,-317.0,67,Tennessee,292,151.0,,consensus,2018,regular,6.5,,2017-11-24T19:30:00.000Z,0.0,2.0,Tennessee,NC State,292,185,True,2017-11-24T19:30:00.000Z,high,strong_moneyline_conflict,
SEC,-363.0,71,Alabama,5,42904,WCC,290.0,59,BYU,18,150.5,,consensus,2018,regular,-8.5,,2017-11-24T19:30:00.000Z,-1.0,3.0,BYU,Alabama,18,5,True,2017-11-24T19:30:00.000Z,high,strong_moneyline_conflict,
MAAC,332.0,84,Fairfield,83,42918,ASUN,-422.0,92,Jacksonville,127,149.5,,consensus,2018,regular,8.5,,2017-11-24T21:30:00.000Z,1.0,3.0,Jacksonville,Fairfield,127,83,True,2017-11-24T21:30:00.000Z,high,strong_moneyline_conflict,
CAA,167.0,78,UNC Wilmington,321,42923,MVC,-193.0,102,Loyola Chicago,151,147.5,,consensus,2018,regular,4.0,,2017-11-24T22:00:00.000Z,1.0,3.0,Loyola Chicago,UNC Wilmington,151,321,True,2017-11-24T22:00:00.000Z,medium,moneyline_conflict,
Pac-12,227.0,102,Arizona State,10,42924,Big East,-244.0,86,Xavier,359,166.0,,consensus,2018,regular,7.0,,2017-11-24T22:30:00.000Z,0.0,2.0,Xavier,Arizona State,359,10,True,2017-11-24T22:30:00.000Z,medium,moneyline_conflict,
American,-625.0,61,SMU,248,42929,CUSA,449.0,63,Western Kentucky,350,136.5,,consensus,2018,regular,-10.5,,2017-11-25T00:00:00.000Z,0.0,2.0,Western Kentucky,SMU,350,248,True,2017-11-25T00:00:00.000Z,high,strong_moneyline_conflict,
Big 12,-1216.0,67,Kansas State,132,42944,A-10,761.0,59,George Washington,96,136.0,,consensus,2018,regular,-13.0,,2017-11-25T01:00:00.000Z,0.0,2.0,George Washington,Kansas State,96,132,True,2017-11-25T01:00:00.000Z,high,strong_moneyline_conflict,
MAAC,-414.0,94,Rider,243,42965,MEAC,328.0,80,Hampton,106,153.5,,consensus,2018,regular,-8.5,,2017-11-25T03:30:00.000Z,0.0,2.0,Hampton,Rider,106,243,True,2017-11-25T03:30:00.000Z,high,strong_moneyline_conflict,
MEAC,832.0,60,Maryland Eastern Shore,159,42979,OVC,-1373.0,90,Tennessee Tech,291,149.5,,consensus,2018,regular,14.5,,2017-11-25T18:30:00.000Z,0.0,2.0,Tennessee Tech,Maryland Eastern Shore,291,159,True,2017-11-25T18:30:00.000Z,high,strong_moneyline_conflict,
Big Ten,-192.0,89,Minnesota,173,43013,SEC,167.0,84,Alabama,5,150.0,,consensus,2018,regular,-4.5,,2017-11-25T22:00:00.000Z,-1.0,3.0,Alabama,Minnesota,5,173,True,2017-11-25T22:00:00.000Z,medium,moneyline_conflict,
Summit,-413.0,62,South Dakota,269,43029,Big Sky,326.0,63,Northern Colorado,207,153.0,,consensus,2018,regular,-8.5,,2017-11-26T00:30:00.000Z,-1.0,3.0,Northern Colorado,South Dakota,207,269,True,2017-11-26T00:30:00.000Z,high,strong_moneyline_conflict,
MAAC,-985.0,81,Canisius,42,43044,SWAC,651.0,58,Arkansas-Pine Bluff,14,141.5,,consensus,2018,regular,-12.5,,2017-11-26T04:30:00.000Z,-1.0,3.0,Arkansas-Pine Bluff,Canisius,14,42,True,2017-11-26T04:30:00.000Z,high,strong_moneyline_conflict,
CUSA,242.0,83,Marshall,158,32471,A-10,-313.0,61,Duquesne,73,149.0,,consensus,2020,regular,6.5,,2019-12-29T19:30:00.000Z,-1.0,3.0,Duquesne,Marshall,73,158,True,2019-12-29T19:30:00.000Z,high,strong_moneyline_conflict,
Big Ten,264.0,72,Iowa,124,31364,Big 12,-347.0,61,Texas Tech,298,143.5,,consensus,2020,regular,7.0,,2019-11-29T01:00:00.000Z,3.0,3.0,Texas Tech,Iowa,298,124,True,2019-11-29T01:00:00.000Z,high,strong_moneyline_conflict,
Big East,-2570.0,81,Seton Hall,263,31366,CUSA,1120.0,56,Southern Miss,275,139.5,,consensus,2020,regular,-17.0,,2019-11-29T02:00:00.000Z,1.0,3.0,Southern Miss,Seton Hall,275,263,True,2019-11-29T02:00:00.000Z,high,strong_moneyline_conflict,
NEC,-250.0,82,Long Island University,146,31378,Big West,198.0,69,Cal Poly,35,151.0,,consensus,2020,regular,-5.0,,2019-11-29T19:00:00.000Z,-1.0,1.0,Cal Poly,Long Island University,35,146,True,2019-11-29T19:00:00.000Z,medium,moneyline_conflict,
WCC,-206.0,64,Gonzaga,102,31379,Big Ten,169.0,82,Michigan,170,144.0,,consensus,2020,regular,-4.0,,2019-11-29T19:00:00.000Z,1.0,3.0,Michigan,Gonzaga,170,102,True,2019-11-29T19:00:00.000Z,medium,moneyline_conflict,
Sun Belt,-368.0,84,Georgia Southern,99,31391,Big South,275.0,74,Campbell,41,146.0,,consensus,2020,regular,-7.0,,2019-11-29T21:30:00.000Z,1.0,3.0,Campbell,Georgia Southern,41,99,True,2019-11-29T21:30:00.000Z,high,strong_moneyline_conflict,
CUSA,547.0,68,Southern Miss,275,31411,SEC,-864.0,83,Alabama,5,146.5,,consensus,2020,regular,12.0,,2019-11-30T02:30:00.000Z,-1.0,3.0,Alabama,Southern Miss,5,275,True,2019-11-30T02:30:00.000Z,high,strong_moneyline_conflict,
Big East,223.0,83,Creighton,61,31417,Big 12,-283.0,76,Texas Tech,298,139.0,,consensus,2020,regular,6.0,,2019-11-30T03:30:00.000Z,3.0,3.0,Texas Tech,Creighton,298,61,True,2019-11-30T03:30:00.000Z,high,strong_moneyline_conflict,
Patriot,700.0,69,Holy Cross,111,31497,CAA,-1196.0,91,Hofstra,110,152.5,,consensus,2020,regular,13.0,,2019-12-01T20:00:00.000Z,-1.0,3.0,Hofstra,Holy Cross,110,111,True,2019-12-01T20:00:00.000Z,high,strong_moneyline_conflict,
Patriot,360.0,81,Holy Cross,111,31523,SoCon,-493.0,67,Mercer,164,151.0,,consensus,2020,regular,9.0,,2019-12-02T16:00:00.000Z,-1.0,3.0,Mercer,Holy Cross,164,111,True,2019-12-02T16:00:00.000Z,high,strong_moneyline_conflict,
CAA,-230.0,64,Hofstra,110,31524,MAAC,187.0,57,Canisius,42,155.5,,consensus,2020,regular,-4.0,,2019-12-02T19:00:00.000Z,1.0,3.0,Canisius,Hofstra,42,110,True,2019-12-02T19:00:00.000Z,medium,moneyline_conflict,
A-10,-194.0,71,St. Bonaventure,277,31537,CUSA,159.0,64,Florida Atlantic,86,124.5,,consensus,2020,regular,-4.0,,2019-12-03T01:00:00.000Z,1.0,3.0,Florida Atlantic,St. Bonaventure,86,277,False,2019-12-03T01:00:00.000Z,medium,moneyline_conflict,
SEC,445.0,50,Texas A&M,293,31828,Big 12,-653.0,60,Texas,295,124.5,,consensus,2020,regular,10.0,,2019-12-08T20:00:00.000Z,-1.0,3.0,Texas,Texas A&M,295,293,True,2019-12-08T20:00:00.000Z,high,strong_moneyline_conflict,
WAC,1780.0,57,Kansas City,130,31918,Big 12,-7031.0,98,Kansas,131,137.5,,consensus,2020,regular,23.0,,2019-12-14T22:00:00.000Z,-1.0,3.0,Kansas,Kansas City,131,130,False,2019-12-14T22:00:00.000Z,high,strong_moneyline_conflict,
OVC,1600.0,63,UT Martin,325,32152,Big 12,-9878.0,91,Baylor,20,146.0,,consensus,2020,regular,22.0,,2019-12-19T03:00:00.000Z,-1.0,3.0,Baylor,UT Martin,20,325,True,2019-12-19T03:00:00.000Z,high,strong_moneyline_conflict,
Pac-12,415.0,69,Utah,331,32097,SEC,-593.0,66,Kentucky,135,138.5,,consensus,2020,regular,9.0,,2019-12-19T04:00:00.000Z,-1.0,3.0,Kentucky,Utah,135,331,True,2019-12-19T04:00:00.000Z,high,strong_moneyline_conflict,
American,169.0,61,Tulane,303,32185,MAC,-211.0,62,Akron,3,138.5,,consensus,2020,regular,4.0,,2019-12-20T19:30:00.000Z,-1.0,3.0,Akron,Tulane,3,303,True,2019-12-20T19:30:00.000Z,medium,moneyline_conflict,
MEAC,468.0,72,Norfolk State,196,32189,MAC,-699.0,67,Bowling Green,28,136.5,,consensus,2020,regular,10.0,,2019-12-21T00:00:00.000Z,-1.0,3.0,Bowling Green,Norfolk State,28,196,True,2019-12-21T00:00:00.000Z,high,strong_moneyline_conflict,
MAAC,180.0,69,Quinnipiac,238,32236,MAC,-226.0,64,Bowling Green,28,142.0,,consensus,2020,regular,5.0,,2019-12-21T19:00:00.000Z,-1.0,3.0,Bowling Green,Quinnipiac,28,238,True,2019-12-21T19:00:00.000Z,medium,moneyline_conflict,
SWAC,415.0,63,Alabama State,6,32285,CUSA,-611.0,71,UAB,305,126.0,,consensus,2020,regular,9.0,,2019-12-21T22:00:00.000Z,0.0,2.0,UAB,Alabama State,305,6,True,2019-12-21T22:00:00.000Z,high,strong_moneyline_conflict,
Pac-12,206.0,52,Utah,331,32297,Mountain West,-264.0,80,San Diego State,257,134.5,,consensus,2020,regular,5.0,,2019-12-21T23:30:00.000Z,3.0,3.0,San Diego State,Utah,257,331,True,2019-12-21T23:30:00.000Z,high,strong_moneyline_conflict,
Mountain West,263.0,63,Nevada,189,32322,WCC,-201.0,68,Saint Mary's,253,144.0,,consensus,2020,regular,8.0,,2019-12-22T04:59:00.000Z,-1.0,3.0,Saint Mary's,Nevada,253,189,True,2019-12-22T04:59:00.000Z,medium,moneyline_conflict,
Big South,235.0,73,Radford,239,32347,A-10,-204.0,58,Richmond,242,137.5,,consensus,2020,regular,7.0,,2019-12-22T20:30:00.000Z,-1.0,3.0,Richmond,Radford,242,239,True,2019-12-22T20:30:00.000Z,medium,moneyline_conflict,
Pac-12,182.0,67,Washington,343,30325,Big 12,-231.0,64,Baylor,20,135.0,,consensus,2020,regular,5.0,,2019-11-09T02:30:00.000Z,-1.0,3.0,Baylor,Washington,20,343,True,2019-11-09T02:30:00.000Z,medium,moneyline_conflict,
WCC,190.0,62,Pacific,225,30324,Summit,-243.0,72,South Dakota,269,133.0,,consensus,2020,regular,5.5,,2019-11-09T02:30:00.000Z,3.0,3.0,South Dakota,Pacific,269,225,True,2019-11-09T02:30:00.000Z,medium,moneyline_conflict,
Pac-12,185.0,71,Arizona State,10,30330,Pac-12,-236.0,81,Colorado,56,145.0,,consensus,2020,regular,5.5,,2019-11-09T03:30:00.000Z,-1.0,3.0,Colorado,Arizona State,56,10,True,2019-11-09T03:30:00.000Z,medium,moneyline_conflict,
ASUN,415.0,59,Jacksonville,127,30452,MAC,-599.0,75,Bowling Green,28,150.0,,consensus,2020,regular,10.0,,2019-11-12T00:00:00.000Z,3.0,3.0,Bowling Green,Jacksonville,28,127,True,2019-11-12T00:00:00.000Z,high,strong_moneyline_conflict,
Pac-12,-197.0,82,Oregon,223,30537,American,161.0,74,Memphis,163,145.0,,consensus,2020,regular,-4.5,,2019-11-13T02:00:00.000Z,1.0,3.0,Memphis,Oregon,163,223,True,2019-11-13T02:00:00.000Z,medium,moneyline_conflict,
Southland,2075.0,74,Houston Christian,112,30550,Big 12,-12973.0,103,Texas Tech,298,151.0,,consensus,2020,regular,24.5,,2019-11-14T01:00:00.000Z,-1.0,3.0,Texas Tech,Houston Christian,298,112,True,2019-11-14T01:00:00.000Z,high,strong_moneyline_conflict,
Big West,-187.0,65,UC Davis,307,30601,Big Sky,167.0,64,Idaho,117,130.0,,consensus,2020,regular,-5.0,,2019-11-14T23:00:00.000Z,1.0,3.0,Idaho,UC Davis,117,307,True,2019-11-14T23:00:00.000Z,medium,moneyline_conflict,
Ivy,-335.0,37,Dartmouth,62,30694,ASUN,251.0,57,Jacksonville,127,132.0,,consensus,2020,regular,-7.0,,2019-11-16T18:30:00.000Z,1.0,3.0,Jacksonville,Dartmouth,127,62,True,2019-11-16T18:30:00.000Z,high,strong_moneyline_conflict,
Sun Belt,-226.0,69,App State,9,30713,OVC,180.0,47,Tennessee Tech,291,134.0,,consensus,2020,regular,-5.5,,2019-11-16T20:30:00.000Z,1.0,3.0,Tennessee Tech,App State,291,9,True,2019-11-16T20:30:00.000Z,medium,moneyline_conflict,
SEC,-202.0,80,Mississippi State,174,30949,American,420.0,66,Tulane,303,136.0,,consensus,2020,regular,-10.5,,2019-11-21T19:00:00.000Z,1.0,3.0,Tulane,Mississippi State,303,174,True,2019-11-21T19:00:00.000Z,medium,moneyline_conflict,
MAC,737.0,53,Ohio,215,30951,Big 12,-1336.0,76,Baylor,20,133.0,,consensus,2020,regular,14.0,,2019-11-21T21:30:00.000Z,-1.0,3.0,Baylor,Ohio,20,215,True,2019-11-21T21:30:00.000Z,high,strong_moneyline_conflict,
Big East,-214.0,73,Xavier,359,30968,CAA,400.0,51,Towson,301,132.0,,consensus,2020,regular,-10.5,,2019-11-22T00:00:00.000Z,1.0,3.0,Towson,Xavier,301,359,True,2019-11-22T00:00:00.000Z,medium,moneyline_conflict,
ACC,-3529.0,87,Duke,72,30985,Pac-12,1242.0,52,California,40,136.0,,consensus,2020,regular,-19.0,,2019-11-22T02:00:00.000Z,1.0,3.0,California,Duke,40,72,True,2019-11-22T02:00:00.000Z,high,strong_moneyline_conflict,
CUSA,-353.0,89,Florida International,89,31006,OVC,266.0,70,Eastern Kentucky,78,165.0,,consensus,2020,regular,-7.5,,2019-11-22T20:30:00.000Z,1.0,3.0,Eastern Kentucky,Florida International,78,89,True,2019-11-22T20:30:00.000Z,high,strong_moneyline_conflict,
ACC,-1164.0,81,Duke,72,31016,Big East,674.0,73,Georgetown,97,152.0,,consensus,2020,regular,-13.0,,2019-11-23T00:00:00.000Z,0.0,2.0,Georgetown,Duke,97,72,True,2019-11-23T00:00:00.000Z,high,strong_moneyline_conflict,
American,220.0,85,East Carolina,74,31039,MVC,-281.0,68,Evansville,82,136.0,,consensus,2020,regular,6.0,,2019-11-23T01:00:00.000Z,3.0,3.0,Evansville,East Carolina,82,74,True,2019-11-23T01:00:00.000Z,high,strong_moneyline_conflict,
Horizon,-264.0,62,Milwaukee,172,31057,MEAC,211.0,57,Morgan State,182,137.0,,consensus,2020,regular,-6.0,,2019-11-23T16:00:00.000Z,0.0,2.0,Morgan State,Milwaukee,182,172,True,2019-11-23T16:00:00.000Z,high,strong_moneyline_conflict,
A-10,967.0,46,Massachusetts,161,31060,ACC,-2054.0,58,Virginia,339,116.0,,consensus,2020,regular,15.5,,2019-11-23T17:00:00.000Z,-1.0,3.0,Virginia,Massachusetts,339,161,True,2019-11-23T17:00:00.000Z,high,strong_moneyline_conflict,
CAA,418.0,66,UNC Wilmington,321,31064,CUSA,-588.0,63,Florida International,89,150.0,,consensus,2020,regular,10.0,,2019-11-23T18:00:00.000Z,-1.0,3.0,Florida International,UNC Wilmington,89,321,True,2019-11-23T18:00:00.000Z,high,strong_moneyline_conflict,
CUSA,310.0,59,Rice,241,31096,ASUN,-421.0,71,Liberty,142,135.0,,consensus,2020,regular,8.0,,2019-11-23T22:00:00.000Z,0.0,2.0,Liberty,Rice,142,241,True,2019-11-23T22:00:00.000Z,high,strong_moneyline_conflict,
MAAC,-394.0,55,Monmouth,178,31117,ASUN,287.0,63,Stetson,283,133.0,,consensus,2020,regular,-8.0,,2019-11-24T01:30:00.000Z,-3.0,3.0,Stetson,Monmouth,283,178,True,2019-11-24T01:30:00.000Z,high,strong_moneyline_conflict,
MVC,-596.0,115,Evansville,82,31125,MEAC,417.0,112,Morgan State,182,135.0,,consensus,2020,regular,-9.5,,2019-11-24T16:00:00.000Z,0.0,2.0,Morgan State,Evansville,182,82,True,2019-11-24T16:00:00.000Z,high,strong_moneyline_conflict,
Big South,286.0,60,Presbyterian,233,31133,Am. East,-385.0,65,UAlbany,306,132.0,,consensus,2020,regular,8.0,,2019-11-24T18:00:00.000Z,-1.0,3.0,UAlbany,Presbyterian,306,233,True,2019-11-24T18:00:00.000Z,high,strong_moneyline_conflict,
Big West,-988.0,74,UC Irvine,308,31147,Horizon,612.0,86,Detroit Mercy,69,142.0,,consensus,2020,regular,-12.0,,2019-11-24T20:00:00.000Z,1.0,3.0,Detroit Mercy,UC Irvine,69,308,True,2019-11-24T20:00:00.000Z,high,strong_moneyline_conflict,
WAC,437.0,49,Kansas City,130,31167,ASUN,-620.0,62,Liberty,142,121.0,,consensus,2020,regular,10.5,,2019-11-25T01:00:00.000Z,0.0,2.0,Liberty,Kansas City,142,130,True,2019-11-25T01:00:00.000Z,high,strong_moneyline_conflict,
Mountain West,1282.0,41,Wyoming,358,31169,Pac-12,-4444.0,56,Colorado,56,124.0,,consensus,2020,regular,18.5,,2019-11-25T01:00:00.000Z,3.0,3.0,Colorado,Wyoming,56,358,True,2019-11-25T01:00:00.000Z,high,strong_moneyline_conflict,
Big Ten,-275.0,52,Wisconsin,355,31199,A-10,216.0,62,Richmond,242,134.0,,consensus,2020,regular,-6.0,,2019-11-26T00:00:00.000Z,1.0,3.0,Richmond,Wisconsin,242,355,True,2019-11-26T00:00:00.000Z,high,strong_moneyline_conflict,
Pac-12,167.0,73,Stanford,281,31223,Big 12,-183.0,54,Oklahoma,217,138.0,,consensus,2020,regular,4.5,,2019-11-26T02:30:00.000Z,-1.0,3.0,Oklahoma,Stanford,217,281,True,2019-11-26T02:30:00.000Z,medium,moneyline_conflict,
OVC,157.0,64,UT Martin,325,31230,Big South,-193.0,81,Gardner-Webb,94,141.0,,consensus,2020,regular,4.0,,2019-11-26T17:30:00.000Z,-1.0,3.0,Gardner-Webb,UT Martin,94,325,True,2019-11-26T17:30:00.000Z,medium,moneyline_conflict,
SWAC,173.0,83,Southern,274,31245,Horizon,-217.0,77,IU Indianapolis,115,137.0,,consensus,2020,regular,4.5,,2019-11-26T22:30:00.000Z,0.0,2.0,IU Indianapolis,Southern,115,274,True,2019-11-26T22:30:00.000Z,medium,moneyline_conflict,
SEC,-507.0,79,Auburn,16,31272,A-10,369.0,65,Richmond,242,147.0,,consensus,2020,regular,-9.5,,2019-11-27T00:30:00.000Z,0.0,2.0,Richmond,Auburn,242,16,True,2019-11-27T00:30:00.000Z,high,strong_moneyline_conflict,
A-10,264.0,72,La Salle,137,31270,Horizon,-345.0,70,Wright State,357,137.0,,consensus,2020,regular,7.5,,2019-11-27T00:30:00.000Z,0.0,2.0,Wright State,La Salle,357,137,True,2019-11-27T00:30:00.000Z,high,strong_moneyline_conflict,
MVC,202.0,55,Northern Iowa,209,31287,Big 12,-202.0,60,West Virginia,347,124.0,,consensus,2020,regular,6.0,,2019-11-27T01:30:00.000Z,-1.0,3.0,West Virginia,Northern Iowa,347,209,True,2019-11-27T01:30:00.000Z,medium,moneyline_conflict,
Big 12,-1751.0,64,TCU,287,31288,Mountain West,896.0,47,Wyoming,358,113.0,,consensus,2020,regular,-15.0,,2019-11-27T02:00:00.000Z,-2.0,2.0,Wyoming,TCU,358,287,True,2019-11-27T02:00:00.000Z,high,strong_moneyline_conflict,
Big Sky,224.0,69,Weber State,345,31302,CAA,-284.0,79,Northeastern,205,127.0,,consensus,2020,regular,5.5,,2019-11-27T16:00:00.000Z,0.0,2.0,Northeastern,Weber State,205,345,True,2019-11-27T16:00:00.000Z,high,strong_moneyline_conflict,
MVC,207.0,73,Bradley,29,31324,Big 12,-263.0,60,Kansas State,132,118.0,,consensus,2020,regular,5.5,,2019-11-27T23:00:00.000Z,0.0,2.0,Kansas State,Bradley,132,29,True,2019-11-27T23:00:00.000Z,high,strong_moneyline_conflict,
CUSA,3060.0,69,Southern Miss,275,31331,WCC,-250000.0,94,Gonzaga,102,138.0,,consensus,2020,regular,25.0,,2019-11-28T00:00:00.000Z,-1.0,3.0,Gonzaga,Southern Miss,102,275,True,2019-11-28T00:00:00.000Z,high,strong_moneyline_conflict,
A-10,177.0,81,La Salle,137,31334,Sun Belt,-221.0,76,South Alabama,265,136.0,,consensus,2020,regular,5.0,,2019-11-28T00:30:00.000Z,2.0,2.0,South Alabama,La Salle,265,137,True,2019-11-28T00:30:00.000Z,medium,moneyline_conflict,
Big West,-215.0,64,Cal State Fullerton,37,31337,OVC,172.0,57,Southeast Missouri State,272,134.0,,consensus,2020,regular,-5.0,,2019-11-28T00:30:00.000Z,-3.0,3.0,Southeast Missouri State,Cal State Fullerton,272,37,True,2019-11-28T00:30:00.000Z,medium,moneyline_conflict,
Pac-12,154.0,72,Oregon,223,31357,WCC,-186.0,73,Gonzaga,102,144.0,,consensus,2020,regular,3.5,,2019-11-28T21:00:00.000Z,-1.0,3.0,Gonzaga,Oregon,102,223,True,2019-11-28T21:00:00.000Z,medium,moneyline_conflict,
Horizon,158.0,62,UIC,315,35790,Horizon,-192.0,71,Northern Kentucky,210,131.5,,consensus,2020,regular,4.5,,2020-03-10T23:00:00.000Z,-1.0,3.0,Northern Kentucky,UIC,210,315,True,2020-03-10T23:00:00.000Z,medium,moneyline_conflict,
Summit,218.0,66,Omaha,221,24808,OVC,-209.0,72,Austin Peay,17,150.0,,consensus,2021,regular,6.5,,2020-11-25T19:00:00.000Z,-1.0,3.0,Austin Peay,Omaha,17,221,True,2020-11-25T19:00:00.000Z,medium,moneyline_conflict,
WCC,187.0,56,Saint Mary's,253,24810,American,-231.0,73,Memphis,163,131.0,,consensus,2021,regular,5.0,,2020-11-25T19:00:00.000Z,-1.0,3.0,Memphis,Saint Mary's,163,253,True,2020-11-25T19:00:00.000Z,medium,moneyline_conflict,
SoCon,-199.0,98,Western Carolina,348,24822,CAA,164.0,76,UNC Wilmington,321,157.0,,consensus,2021,regular,-4.5,,2020-11-25T21:00:00.000Z,1.0,3.0,UNC Wilmington,Western Carolina,321,348,True,2020-11-25T21:00:00.000Z,medium,moneyline_conflict,
WAC,1482.0,61,Chicago State,50,24828,MAC,-4932.0,84,Ohio,215,152.0,,consensus,2021,regular,21.0,,2020-11-25T22:00:00.000Z,-1.0,3.0,Ohio,Chicago State,215,50,True,2020-11-25T22:00:00.000Z,high,strong_moneyline_conflict,
Summit,472.0,71,South Dakota State,270,24840,Big 12,-681.0,79,West Virginia,347,145.0,,consensus,2021,regular,11.0,,2020-11-26T00:00:00.000Z,-1.0,3.0,West Virginia,South Dakota State,347,270,True,2020-11-26T00:00:00.000Z,high,strong_moneyline_conflict,
SEC,171.0,42,Mississippi State,174,24872,ACC,-210.0,53,Clemson,52,131.0,,consensus,2021,regular,4.5,,2020-11-26T01:30:00.000Z,3.0,3.0,Clemson,Mississippi State,52,174,True,2020-11-26T01:30:00.000Z,medium,moneyline_conflict,
Big 12,160.0,90,Kansas,131,24919,WCC,-192.0,102,Gonzaga,102,154.0,,consensus,2021,regular,4.0,,2020-11-26T18:30:00.000Z,-1.0,3.0,Gonzaga,Kansas,102,131,True,2020-11-26T18:30:00.000Z,medium,moneyline_conflict,
OVC,-460.0,67,Austin Peay,17,24921,SoCon,347.0,66,East Tennessee State,75,143.0,,consensus,2021,regular,-9.0,,2020-11-26T19:00:00.000Z,1.0,3.0,East Tennessee State,Austin Peay,75,17,True,2020-11-26T19:00:00.000Z,high,strong_moneyline_conflict,
CAA,274.0,68,Towson,301,24926,WCC,-358.0,79,San Francisco,259,139.0,,consensus,2021,regular,7.5,,2020-11-26T20:30:00.000Z,-1.0,3.0,San Francisco,Towson,259,301,True,2020-11-26T20:30:00.000Z,high,strong_moneyline_conflict,
SEC,-221.0,96,Auburn,16,24928,A-10,247.0,91,Saint Joseph's,251,155.0,,consensus,2021,regular,-7.0,,2020-11-26T21:30:00.000Z,1.0,3.0,Saint Joseph's,Auburn,251,16,True,2020-11-26T21:30:00.000Z,medium,moneyline_conflict,
OVC,-1529.0,95,Belmont,22,24929,MEAC,818.0,78,Howard,114,154.0,,consensus,2021,regular,-15.5,,2020-11-26T22:00:00.000Z,1.0,3.0,Howard,Belmont,114,22,True,2020-11-26T22:00:00.000Z,high,strong_moneyline_conflict,
CUSA,197.0,64,Western Kentucky,350,24960,Big 12,-246.0,70,West Virginia,347,142.0,,consensus,2021,regular,5.5,,2020-11-27T18:30:00.000Z,-1.0,3.0,West Virginia,Western Kentucky,347,350,True,2020-11-27T18:30:00.000Z,medium,moneyline_conflict,
WCC,223.0,98,Pepperdine,228,24949,Pac-12,-217.0,107,UCLA,313,147.0,,consensus,2021,regular,6.5,,2020-11-27T20:00:00.000Z,-1.0,3.0,UCLA,Pepperdine,313,228,True,2020-11-27T20:00:00.000Z,medium,moneyline_conflict,
Southland,-331.0,70,Abilene Christian,1,25020,Summit,256.0,58,Omaha,221,143.0,,consensus,2021,regular,-7.5,,2020-11-28T16:00:00.000Z,1.0,3.0,Omaha,Abilene Christian,221,1,True,2020-11-28T16:00:00.000Z,high,strong_moneyline_conflict,
MAC,-192.0,74,Buffalo,33,25041,Patriot,425.0,78,Army,15,149.0,,consensus,2021,regular,-11.0,,2020-11-28T20:00:00.000Z,1.0,3.0,Army,Buffalo,15,33,True,2020-11-28T20:00:00.000Z,medium,moneyline_conflict,
Southland,278.0,71,Northwestern State,211,25047,Sun Belt,-362.0,80,UT Arlington,324,152.0,,consensus,2021,regular,8.0,,2020-11-28T21:00:00.000Z,-1.0,3.0,UT Arlington,Northwestern State,324,211,True,2020-11-28T21:00:00.000Z,high,strong_moneyline_conflict,
Big Sky,340.0,61,Idaho State,116,25050,Big West,-458.0,70,UC Davis,307,137.0,,consensus,2021,regular,9.0,,2020-11-28T21:00:00.000Z,-1.0,3.0,UC Davis,Idaho State,307,116,True,2020-11-28T21:00:00.000Z,high,strong_moneyline_conflict,
ASUN,170.0,52,Liberty,142,25108,Big 12,-187.0,56,TCU,287,120.0,,consensus,2021,regular,5.0,,2020-11-29T20:30:00.000Z,-1.0,3.0,TCU,Liberty,287,142,True,2020-11-29T20:30:00.000Z,medium,moneyline_conflict,
Big 12,-222.0,78,Texas,295,25131,A-10,258.0,76,Davidson,63,141.5,,consensus,2021,regular,-7.5,,2020-11-30T17:00:00.000Z,1.0,3.0,Davidson,Texas,63,295,True,2020-11-30T17:00:00.000Z,medium,moneyline_conflict,
ACC,-190.0,78,North Carolina,200,25144,Mountain West,612.0,51,UNLV,322,157.5,,consensus,2021,regular,-13.5,,2020-12-01T00:00:00.000Z,1.0,3.0,UNLV,North Carolina,322,200,True,2020-12-01T00:00:00.000Z,medium,moneyline_conflict,
Big East,-10000.0,87,Villanova,338,25174,Am. East,2050.0,53,Hartford,363,137.5,,consensus,2021,regular,-26.0,,2020-12-01T22:00:00.000Z,1.0,3.0,Hartford,Villanova,363,338,True,2020-12-01T22:00:00.000Z,high,strong_moneyline_conflict,
Big 12,-193.0,65,Kansas,131,25199,SEC,161.0,62,Kentucky,135,144.0,,consensus,2021,regular,-4.0,,2020-12-02T02:30:00.000Z,1.0,3.0,Kentucky,Kansas,135,131,True,2020-12-02T02:30:00.000Z,medium,moneyline_conflict,
CAA,-189.0,66,Drexel,71,25238,MAAC,185.0,48,Quinnipiac,238,145.0,,consensus,2021,regular,-5.5,,2020-12-03T00:30:00.000Z,-3.0,3.0,Quinnipiac,Drexel,238,71,True,2020-12-03T00:30:00.000Z,medium,moneyline_conflict,
SEC,-200.0,90,Florida,87,25303,ACC,192.0,70,Boston College,26,141.5,,consensus,2021,regular,-5.5,,2020-12-04T02:30:00.000Z,1.0,3.0,Boston College,Florida,26,87,True,2020-12-04T02:30:00.000Z,medium,moneyline_conflict,
SEC,-218.0,62,Kentucky,135,25469,ACC,222.0,79,Georgia Tech,101,142.0,,consensus,2021,regular,-6.5,,2020-12-06T22:00:00.000Z,1.0,3.0,Georgia Tech,Kentucky,101,135,False,2020-12-06T22:00:00.000Z,medium,moneyline_conflict,
American,-260.0,71,Memphis,163,25749,SEC,208.0,74,Auburn,16,145.5,,consensus,2021,regular,-6.0,,2020-12-12T22:30:00.000Z,1.0,3.0,Auburn,Memphis,16,163,True,2020-12-12T22:30:00.000Z,high,strong_moneyline_conflict,
A-10,-243.0,81,St. Bonaventure,277,25870,MAC,196.0,74,Akron,3,136.0,,consensus,2021,regular,-5.5,,2020-12-15T19:00:00.000Z,1.0,3.0,Akron,St. Bonaventure,3,277,True,2020-12-15T19:00:00.000Z,medium,moneyline_conflict,
Big East,289.0,60,Butler,34,26067,Big Ten,-370.0,68,Indiana,121,129.0,,consensus,2021,regular,7.5,,2020-12-19T16:30:00.000Z,-1.0,3.0,Indiana,Butler,121,34,True,2020-12-19T16:30:00.000Z,high,strong_moneyline_conflict,
Big Ten,165.0,88,Iowa,124,26063,WCC,-200.0,99,Gonzaga,102,170.0,,consensus,2021,regular,4.5,,2020-12-19T17:00:00.000Z,-1.0,3.0,Gonzaga,Iowa,102,124,True,2020-12-19T17:00:00.000Z,medium,moneyline_conflict,
ACC,168.0,78,Notre Dame,213,26092,Big Ten,-201.0,88,Purdue,236,133.0,,consensus,2021,regular,4.5,,2020-12-19T19:30:00.000Z,-1.0,3.0,Purdue,Notre Dame,236,213,True,2020-12-19T19:30:00.000Z,medium,moneyline_conflict,
WAC,198.0,65,Grand Canyon,104,26194,WCC,-247.0,68,San Francisco,259,141.5,,consensus,2021,regular,5.5,,2020-12-21T00:00:00.000Z,-1.0,3.0,San Francisco,Grand Canyon,259,104,True,2020-12-21T00:00:00.000Z,medium,moneyline_conflict,
Pac-12,369.0,69,Washington,343,26197,Pac-12,-488.0,92,Colorado,56,133.5,,consensus,2021,regular,9.0,,2020-12-21T03:00:00.000Z,-1.0,3.0,Colorado,Washington,56,343,True,2020-12-21T03:00:00.000Z,high,strong_moneyline_conflict,
Big Sky,366.0,65,Northern Arizona,206,26217,Sun Belt,-487.0,70,Texas State,297,127.5,,consensus,2021,regular,9.0,,2020-12-21T20:00:00.000Z,-1.0,3.0,Texas State,Northern Arizona,297,206,True,2020-12-21T20:00:00.000Z,high,strong_moneyline_conflict,
Patriot,316.0,75,Army,15,26709,Patriot,-417.0,73,Colgate,55,149.5,,consensus,2021,regular,8.5,,2021-01-03T20:00:00.000Z,-1.0,3.0,Colgate,Army,55,15,False,2021-01-03T20:00:00.000Z,high,strong_moneyline_conflict,
SWAC,441.0,58,Arkansas-Pine Bluff,14,29512,SWAC,-621.0,64,Jackson State,126,129.0,,consensus,2021,regular,10.5,,2021-03-02T01:30:00.000Z,-1.0,3.0,Jackson State,Arkansas-Pine Bluff,126,14,False,2021-03-02T01:30:00.000Z,high,strong_moneyline_conflict,
Patriot,269.0,79,Army,15,24961,NEC,-330.0,57,Central Connecticut,44,145.0,,teamrankings,2021,regular,7.5,,2020-11-27T19:00:00.000Z,1.0,1.0,Central Connecticut,Army,44,15,True,2020-11-27T19:00:00.000Z,high,strong_moneyline_conflict,
Mountain West,271.0,53,Air Force,2,18603,Summit,-349.0,59,South Dakota,269,130.5,,consensus,2022,regular,7.5,,2021-11-11T19:30:00.000Z,0.0,2.0,South Dakota,Air Force,269,2,False,2021-11-11T19:30:00.000Z,high,strong_moneyline_conflict,
Patriot,166.0,65,Loyola Maryland,152,18804,ASUN,-200.0,70,Lipscomb,143,143.5,,consensus,2022,regular,4.5,,2021-11-14T15:30:00.000Z,0.0,2.0,Lipscomb,Loyola Maryland,143,152,True,2021-11-14T15:30:00.000Z,medium,moneyline_conflict,
ACC,-3535.0,79,NC State,185,18955,NEC,1388.0,65,Central Connecticut,44,143.0,,consensus,2022,regular,-26.5,,2021-11-17T01:00:00.000Z,-2.0,2.0,Central Connecticut,NC State,44,185,True,2021-11-17T01:00:00.000Z,high,strong_moneyline_conflict,
Big 12,-186.0,74,Oklahoma State,218,18998,ACC,155.0,68,NC State,185,137.5,,consensus,2022,regular,-4.5,,2021-11-18T01:00:00.000Z,-2.0,2.0,NC State,Oklahoma State,185,218,True,2021-11-18T01:00:00.000Z,medium,moneyline_conflict,
A-10,-186.0,67,St. Bonaventure,277,19018,Mountain West,154.0,61,Boise State,25,131.5,,consensus,2022,regular,-3.5,,2021-11-18T19:00:00.000Z,0.0,2.0,Boise State,St. Bonaventure,25,277,True,2021-11-18T19:00:00.000Z,medium,moneyline_conflict,
ACC,-232.0,75,Clemson,52,19021,American,188.0,48,Temple,289,133.5,,consensus,2022,regular,-6.0,,2021-11-18T21:30:00.000Z,0.0,2.0,Temple,Clemson,289,52,True,2021-11-18T21:30:00.000Z,medium,moneyline_conflict,
Big 12,-780.0,79,Oklahoma,217,19040,American,527.0,74,East Carolina,74,137.0,,consensus,2022,regular,-12.5,,2021-11-19T00:00:00.000Z,0.0,2.0,East Carolina,Oklahoma,74,217,True,2021-11-19T00:00:00.000Z,high,strong_moneyline_conflict,
MVC,178.0,77,Indiana State,122,19061,CUSA,-222.0,36,Old Dominion,219,136.5,,consensus,2022,regular,5.0,,2021-11-19T02:30:00.000Z,0.0,2.0,Old Dominion,Indiana State,219,122,True,2021-11-19T02:30:00.000Z,medium,moneyline_conflict,
SoCon,155.0,90,UNC Greensboro,320,19081,A-10,-185.0,93,Massachusetts,161,131.5,,consensus,2022,regular,4.0,,2021-11-19T20:00:00.000Z,0.0,2.0,Massachusetts,UNC Greensboro,161,320,True,2021-11-19T20:00:00.000Z,medium,moneyline_conflict,
Sun Belt,-208.0,72,Troy,302,19082,Summit,171.0,74,North Dakota,201,135.5,,consensus,2022,regular,-4.5,,2021-11-19T20:00:00.000Z,0.0,2.0,North Dakota,Troy,201,302,True,2021-11-19T20:00:00.000Z,medium,moneyline_conflict,
CUSA,-212.0,63,Florida International,89,19119,Horizon,173.0,60,Green Bay,105,133.5,,consensus,2022,regular,-5.5,,2021-11-20T01:00:00.000Z,-2.0,2.0,Green Bay,Florida International,105,89,True,2021-11-20T01:00:00.000Z,medium,moneyline_conflict,
American,326.0,78,Wichita State,352,19129,Pac-12,-431.0,82,Arizona,11,138.5,,consensus,2022,regular,9.0,,2021-11-20T03:00:00.000Z,0.0,2.0,Arizona,Wichita State,11,352,True,2021-11-20T03:00:00.000Z,high,strong_moneyline_conflict,
Big Ten,-859.0,74,Michigan,170,19130,Mountain West,567.0,61,UNLV,322,135.5,,consensus,2022,regular,-12.5,,2021-11-20T06:00:00.000Z,0.0,2.0,UNLV,Michigan,322,170,True,2021-11-20T06:00:00.000Z,high,strong_moneyline_conflict,
NEC,-1815.0,75,Bryant,31,19133,SWAC,892.0,81,Bethune-Cookman,23,147.5,,consensus,2022,regular,-17.5,,2021-11-20T17:00:00.000Z,0.0,2.0,Bethune-Cookman,Bryant,23,31,True,2021-11-20T17:00:00.000Z,high,strong_moneyline_conflict,
OVC,326.0,67,UT Martin,325,19151,Sun Belt,-435.0,80,Troy,302,139.5,,consensus,2022,regular,8.0,,2021-11-20T20:00:00.000Z,0.0,2.0,Troy,UT Martin,302,325,True,2021-11-20T20:00:00.000Z,high,strong_moneyline_conflict,
Big Ten,-317.0,93,Purdue,236,19164,ACC,247.0,84,North Carolina,200,152.0,,consensus,2022,regular,-7.5,,2021-11-20T21:00:00.000Z,0.0,2.0,North Carolina,Purdue,200,236,True,2021-11-20T21:00:00.000Z,high,strong_moneyline_conflict,
Big South,347.0,66,Hampton,106,19167,Sun Belt,-474.0,86,Georgia Southern,99,133.5,,consensus,2022,regular,9.5,,2021-11-20T22:00:00.000Z,0.0,2.0,Georgia Southern,Hampton,99,106,True,2021-11-20T22:00:00.000Z,high,strong_moneyline_conflict,
Big South,239.0,33,Radford,239,19168,Patriot,-303.0,47,Navy,187,127.5,,consensus,2022,regular,6.5,,2021-11-20T22:00:00.000Z,0.0,2.0,Navy,Radford,187,239,True,2021-11-20T22:00:00.000Z,high,strong_moneyline_conflict,
Pac-12,-329.0,68,Utah,331,19174,ACC,255.0,61,Boston College,26,133.5,,consensus,2022,regular,-7.5,,2021-11-20T22:00:00.000Z,0.0,2.0,Boston College,Utah,26,331,True,2021-11-20T22:00:00.000Z,high,strong_moneyline_conflict,
MAAC,-932.0,81,Iona,123,19192,ASUN,607.0,65,North Alabama,197,137.0,,consensus,2022,regular,-13.5,,2021-11-21T01:30:00.000Z,0.0,2.0,North Alabama,Iona,197,123,True,2021-11-21T01:30:00.000Z,high,strong_moneyline_conflict,
NEC,-554.0,78,Bryant,31,19202,Patriot,397.0,62,Holy Cross,111,155.0,,consensus,2022,regular,-11.0,,2021-11-21T17:00:00.000Z,0.0,2.0,Holy Cross,Bryant,111,31,True,2021-11-21T17:00:00.000Z,high,strong_moneyline_conflict,
Patriot,-443.0,76,Boston University,27,19204,MAC,334.0,58,Northern Illinois,208,127.5,,consensus,2022,regular,-8.5,,2021-11-21T17:00:00.000Z,0.0,2.0,Northern Illinois,Boston University,208,27,True,2021-11-21T17:00:00.000Z,high,strong_moneyline_conflict,
MAC,264.0,89,Ball State,19,19211,A-10,-342.0,86,Massachusetts,161,145.5,,consensus,2022,regular,7.5,,2021-11-21T19:30:00.000Z,0.0,2.0,Massachusetts,Ball State,161,19,True,2021-11-21T19:30:00.000Z,high,strong_moneyline_conflict,
ACC,-319.0,73,Florida State,90,19234,WCC,251.0,45,Loyola Marymount,153,138.5,,consensus,2022,regular,-7.0,,2021-11-21T22:30:00.000Z,0.0,2.0,Loyola Marymount,Florida State,153,90,True,2021-11-21T22:30:00.000Z,high,strong_moneyline_conflict,
SEC,232.0,80,Missouri,177,19244,American,-293.0,75,SMU,248,139.0,,consensus,2022,regular,7.0,,2021-11-22T01:00:00.000Z,2.0,2.0,SMU,Missouri,248,177,True,2021-11-22T01:00:00.000Z,high,strong_moneyline_conflict,
WAC,-411.0,80,New Mexico State,192,19246,MVC,311.0,66,Indiana State,122,140.5,,consensus,2022,regular,-9.0,,2021-11-22T01:30:00.000Z,0.0,2.0,Indiana State,New Mexico State,122,192,True,2021-11-22T01:30:00.000Z,high,strong_moneyline_conflict,
MVC,168.0,104,Evansville,82,19254,CUSA,-203.0,109,Rice,241,134.5,,consensus,2022,regular,5.5,,2021-11-22T16:00:00.000Z,0.0,2.0,Rice,Evansville,241,82,True,2021-11-22T16:00:00.000Z,medium,moneyline_conflict,
A-10,405.0,63,Fordham,91,19267,MAC,-568.0,43,Akron,3,134.5,,consensus,2022,regular,10.5,,2021-11-22T22:00:00.000Z,0.0,2.0,Akron,Fordham,3,91,True,2021-11-22T22:00:00.000Z,high,strong_moneyline_conflict,
Big Sky,479.0,45,Idaho,117,19268,WAC,-692.0,83,Utah Valley,332,139.5,,consensus,2022,regular,10.5,,2021-11-22T22:30:00.000Z,0.0,2.0,Utah Valley,Idaho,332,117,True,2021-11-22T22:30:00.000Z,high,strong_moneyline_conflict,
OVC,-234.0,58,Murray State,184,19269,SoCon,189.0,66,East Tennessee State,75,135.5,,consensus,2022,regular,-5.5,,2021-11-22T22:30:00.000Z,0.0,2.0,East Tennessee State,Murray State,75,184,True,2021-11-22T22:30:00.000Z,medium,moneyline_conflict,
Big Ten,-523.0,51,Illinois,118,19275,American,374.0,71,Cincinnati,51,137.5,,consensus,2022,regular,-9.5,,2021-11-22T23:30:00.000Z,0.0,2.0,Cincinnati,Illinois,51,118,True,2021-11-22T23:30:00.000Z,high,strong_moneyline_conflict,
Big West,601.0,66,Long Beach State,145,19297,MVC,-928.0,92,Missouri State,176,150.5,,consensus,2022,regular,12.5,,2021-11-23T01:00:00.000Z,2.0,2.0,Missouri State,Long Beach State,176,145,True,2021-11-23T01:00:00.000Z,high,strong_moneyline_conflict,
SEC,-931.0,80,Florida,87,19301,Pac-12,602.0,60,California,40,128.5,,consensus,2022,regular,-13.5,,2021-11-23T01:30:00.000Z,-2.0,2.0,California,Florida,40,87,True,2021-11-23T01:30:00.000Z,high,strong_moneyline_conflict,
ASUN,-285.0,70,Jacksonville State,128,19311,MVC,223.0,78,Valparaiso,335,127.5,,consensus,2022,regular,-6.5,,2021-11-23T02:00:00.000Z,-2.0,2.0,Valparaiso,Jacksonville State,335,128,True,2021-11-23T02:00:00.000Z,high,strong_moneyline_conflict,
WCC,-4586.0,107,Gonzaga,102,19318,MAC,1613.0,54,Central Michigan,45,156.0,,consensus,2022,regular,-34.0,,2021-11-23T04:00:00.000Z,0.0,2.0,Central Michigan,Gonzaga,45,102,True,2021-11-23T04:00:00.000Z,high,strong_moneyline_conflict,
Mountain West,-265.0,70,Fresno State,92,19320,WCC,213.0,63,Pepperdine,228,138.0,,consensus,2022,regular,-6.5,,2021-11-23T06:00:00.000Z,-2.0,2.0,Pepperdine,Fresno State,228,92,True,2021-11-23T06:00:00.000Z,high,strong_moneyline_conflict,
Am. East,-463.0,58,Vermont,337,19321,MVC,348.0,49,Evansville,82,124.0,,consensus,2022,regular,-9.5,,2021-11-23T16:00:00.000Z,0.0,2.0,Evansville,Vermont,82,337,True,2021-11-23T16:00:00.000Z,high,strong_moneyline_conflict,
Big West,474.0,43,Long Beach State,145,19330,OVC,-697.0,80,Murray State,184,144.0,,consensus,2022,regular,11.0,,2021-11-23T19:30:00.000Z,0.0,2.0,Murray State,Long Beach State,184,145,True,2021-11-23T19:30:00.000Z,high,strong_moneyline_conflict,
SWAC,945.0,51,Bethune-Cookman,23,19337,ASUN,-1694.0,59,Liberty,142,128.5,,consensus,2022,regular,18.0,,2021-11-23T22:00:00.000Z,0.0,2.0,Liberty,Bethune-Cookman,142,23,True,2021-11-23T22:00:00.000Z,high,strong_moneyline_conflict,
A-10,189.0,69,George Washington,96,19339,MAC,-232.0,77,Kent State,134,135.5,,consensus,2022,regular,5.5,,2021-11-23T22:30:00.000Z,0.0,2.0,Kent State,George Washington,134,96,True,2021-11-23T22:30:00.000Z,medium,moneyline_conflict,
CAA,-293.0,81,Delaware,66,19362,A-10,234.0,71,Fordham,91,134.5,,consensus,2022,regular,-7.0,,2021-11-24T00:30:00.000Z,-2.0,2.0,Fordham,Delaware,91,66,True,2021-11-24T00:30:00.000Z,high,strong_moneyline_conflict,
MVC,-283.0,76,Missouri State,176,19366,SoCon,225.0,77,East Tennessee State,75,139.5,,consensus,2022,regular,-7.0,,2021-11-24T01:00:00.000Z,-2.0,2.0,East Tennessee State,Missouri State,75,176,True,2021-11-24T01:00:00.000Z,high,strong_moneyline_conflict,
Big West,-450.0,67,Cal State Fullerton,37,19369,WAC,339.0,72,UT Rio Grande Valley,326,144.0,,consensus,2022,regular,-9.0,,2021-11-24T01:00:00.000Z,0.0,2.0,UT Rio Grande Valley,Cal State Fullerton,326,37,True,2021-11-24T01:00:00.000Z,high,strong_moneyline_conflict,
Pac-12,229.0,87,Washington,343,19376,Summit,-290.0,76,South Dakota State,270,156.5,,consensus,2022,regular,6.5,,2021-11-24T02:30:00.000Z,2.0,2.0,South Dakota State,Washington,270,343,True,2021-11-24T02:30:00.000Z,high,strong_moneyline_conflict,
Horizon,204.0,56,Milwaukee,172,19387,Ivy,-253.0,69,Yale,360,139.0,,consensus,2022,regular,6.5,,2021-11-24T16:00:00.000Z,0.0,2.0,Yale,Milwaukee,360,172,True,2021-11-24T16:00:00.000Z,high,strong_moneyline_conflict,
MAC,-241.0,69,Akron,3,19386,MVC,194.0,60,Evansville,82,120.5,,consensus,2022,regular,-5.5,,2021-11-24T16:00:00.000Z,0.0,2.0,Evansville,Akron,82,3,True,2021-11-24T16:00:00.000Z,medium,moneyline_conflict,
OVC,208.0,62,Eastern Illinois,77,19390,Am. East,-258.0,64,UAlbany,306,130.5,,consensus,2022,regular,6.5,,2021-11-24T17:00:00.000Z,0.0,2.0,UAlbany,Eastern Illinois,306,77,True,2021-11-24T17:00:00.000Z,high,strong_moneyline_conflict,
Big West,393.0,85,Long Beach State,145,19389,Horizon,-540.0,76,Wright State,357,151.5,,consensus,2022,regular,10.5,,2021-11-24T17:00:00.000Z,0.0,2.0,Wright State,Long Beach State,357,145,True,2021-11-24T17:00:00.000Z,high,strong_moneyline_conflict,
Sun Belt,185.0,63,App State,9,19396,Am. East,-229.0,65,Vermont,337,122.5,,consensus,2022,regular,5.5,,2021-11-24T18:30:00.000Z,0.0,2.0,Vermont,App State,337,9,True,2021-11-24T18:30:00.000Z,medium,moneyline_conflict,
OVC,-197.0,74,Murray State,184,19405,CAA,163.0,62,James Madison,129,138.0,,consensus,2022,regular,-4.5,,2021-11-24T19:30:00.000Z,0.0,2.0,James Madison,Murray State,129,184,True,2021-11-24T19:30:00.000Z,medium,moneyline_conflict,
Big Sky,210.0,63,Idaho,117,19407,Big West,-263.0,67,Cal Poly,35,132.0,,consensus,2022,regular,6.0,,2021-11-24T20:00:00.000Z,0.0,2.0,Cal Poly,Idaho,35,117,True,2021-11-24T20:00:00.000Z,high,strong_moneyline_conflict,
A-10,211.0,84,Fordham,91,19418,CUSA,-264.0,74,Rice,241,142.0,,consensus,2022,regular,6.5,,2021-11-24T22:00:00.000Z,2.0,2.0,Rice,Fordham,241,91,True,2021-11-24T22:00:00.000Z,high,strong_moneyline_conflict,
MVC,-677.0,72,Missouri State,176,19425,A-10,476.0,54,George Washington,96,139.5,,consensus,2022,regular,-11.5,,2021-11-24T22:30:00.000Z,0.0,2.0,George Washington,Missouri State,96,176,True,2021-11-24T22:30:00.000Z,high,strong_moneyline_conflict,
MVC,153.0,68,Valparaiso,335,19424,American,-182.0,64,Tulane,303,132.5,,consensus,2022,regular,4.0,,2021-11-24T22:30:00.000Z,0.0,2.0,Tulane,Valparaiso,303,335,True,2021-11-24T22:30:00.000Z,medium,moneyline_conflict,
Pac-12,506.0,63,Arizona State,10,19441,Big 12,-759.0,75,Baylor,20,138.5,,consensus,2022,regular,12.0,,2021-11-25T00:30:00.000Z,0.0,2.0,Baylor,Arizona State,20,10,True,2021-11-25T00:30:00.000Z,high,strong_moneyline_conflict,
Sun Belt,252.0,70,Coastal Carolina,54,19443,MAC,-323.0,79,Toledo,300,144.5,,consensus,2022,regular,7.5,,2021-11-25T01:00:00.000Z,0.0,2.0,Toledo,Coastal Carolina,300,54,True,2021-11-25T01:00:00.000Z,high,strong_moneyline_conflict,
Big 12,-601.0,73,TCU,287,19461,WCC,427.0,64,Pepperdine,228,137.5,,consensus,2022,regular,-11.0,,2021-11-25T03:30:00.000Z,-2.0,2.0,Pepperdine,TCU,228,287,True,2021-11-25T03:30:00.000Z,high,strong_moneyline_conflict,
Mountain West,216.0,59,Fresno State,92,19463,WCC,-268.0,52,Santa Clara,261,141.5,,consensus,2022,regular,6.5,,2021-11-25T06:00:00.000Z,2.0,2.0,Santa Clara,Fresno State,261,92,True,2021-11-25T06:00:00.000Z,high,strong_moneyline_conflict,
SoCon,-463.0,73,VMI,334,19472,ASUN,342.0,67,Central Arkansas,43,148.5,,consensus,2022,regular,-9.5,,2021-11-25T21:00:00.000Z,-2.0,2.0,Central Arkansas,VMI,43,334,True,2021-11-25T21:00:00.000Z,high,strong_moneyline_conflict,
Pac-12,-1574.0,70,USC,323,19480,A-10,888.0,55,Saint Joseph's,251,150.5,,consensus,2022,regular,-17.0,,2021-11-26T02:30:00.000Z,0.0,2.0,Saint Joseph's,USC,251,323,True,2021-11-26T02:30:00.000Z,high,strong_moneyline_conflict,
Big South,-354.0,75,Presbyterian,233,19507,ASUN,270.0,66,Central Arkansas,43,132.5,,consensus,2022,regular,-8.5,,2021-11-26T21:00:00.000Z,0.0,2.0,Central Arkansas,Presbyterian,43,233,True,2021-11-26T21:00:00.000Z,high,strong_moneyline_conflict,
Big West,161.0,69,Hawai'i,108,19514,Sun Belt,-193.0,72,South Alabama,265,139.5,,consensus,2022,regular,4.5,,2021-11-26T23:00:00.000Z,0.0,2.0,South Alabama,Hawai'i,265,108,True,2021-11-26T23:00:00.000Z,medium,moneyline_conflict,
WCC,-405.0,81,Gonzaga,102,19535,ACC,309.0,84,Duke,72,154.5,,consensus,2022,regular,-8.5,,2021-11-27T03:30:00.000Z,0.0,2.0,Duke,Gonzaga,72,102,True,2021-11-27T03:30:00.000Z,high,strong_moneyline_conflict,
Horizon,-183.0,85,Purdue Fort Wayne,237,19588,MAC,153.0,93,Western Michigan,351,140.5,,consensus,2022,regular,-4.0,,2021-11-27T21:30:00.000Z,0.0,2.0,Western Michigan,Purdue Fort Wayne,351,237,True,2021-11-27T21:30:00.000Z,medium,moneyline_conflict,
Summit,152.0,62,Kansas City,130,19600,OVC,-180.0,70,Morehead State,181,127.5,,consensus,2022,regular,4.0,,2021-11-28T00:00:00.000Z,0.0,2.0,Morehead State,Kansas City,181,130,True,2021-11-28T00:00:00.000Z,medium,moneyline_conflict,
Southland,-329.0,90,SE Louisiana,246,21263,Southland,258.0,81,Houston Christian,112,144.5,,consensus,2022,regular,-7.0,,2022-01-06T17:00:00.000Z,0.0,2.0,Houston Christian,SE Louisiana,112,246,True,2022-01-06T17:00:00.000Z,high,strong_moneyline_conflict,
Southland,-532.0,87,Nicholls,195,21293,Southland,390.0,56,Incarnate Word,120,144.5,,consensus,2022,regular,-10.0,,2022-01-07T01:30:00.000Z,0.0,2.0,Incarnate Word,Nicholls,120,195,True,2022-01-07T01:30:00.000Z,high,strong_moneyline_conflict,
Southland,309.0,65,Houston Christian,112,21317,Southland,-401.0,81,New Orleans,193,150.5,,consensus,2022,regular,9.0,,2022-01-07T17:00:00.000Z,0.0,2.0,New Orleans,Houston Christian,193,112,True,2022-01-07T17:00:00.000Z,high,strong_moneyline_conflict,
Southland,-189.0,83,Northwestern State,211,21318,Southland,158.0,80,Incarnate Word,120,146.5,,consensus,2022,regular,-4.0,,2022-01-07T19:30:00.000Z,0.0,2.0,Incarnate Word,Northwestern State,120,211,True,2022-01-07T19:30:00.000Z,medium,moneyline_conflict,
MVC,-524.0,87,Drake,70,24721,Horizon,388.0,65,Purdue Fort Wayne,237,142.0,,consensus,2022,postseason,-10.0,,2022-03-19T16:00:00.000Z,0.0,2.0,Purdue Fort Wayne,Drake,237,70,True,2022-03-19T16:00:00.000Z,high,strong_moneyline_conflict,
WAC,-295.0,68,Stephen F. Austin,282,24722,Big South,235.0,80,UNC Asheville,319,145.5,,consensus,2022,postseason,-6.5,,2022-03-19T18:30:00.000Z,0.0,2.0,UNC Asheville,Stephen F. Austin,319,282,True,2022-03-19T18:30:00.000Z,high,strong_moneyline_conflict,
MAC,-278.0,65,Ohio,215,24724,CUSA,223.0,64,Rice,241,151.5,,consensus,2022,postseason,-6.5,,2022-03-19T23:30:00.000Z,-2.0,2.0,Rice,Ohio,241,215,True,2022-03-19T23:30:00.000Z,high,strong_moneyline_conflict,
WAC,-247.0,82,Abilene Christian,1,24741,Sun Belt,203.0,70,Troy,302,141.5,,consensus,2022,postseason,-6.0,,2022-03-20T23:30:00.000Z,0.0,2.0,Troy,Abilene Christian,302,1,True,2022-03-20T23:30:00.000Z,medium,moneyline_conflict,
MEAC,-220.0,70,Norfolk State,196,19668,SWAC,178.0,63,Grambling,103,137.5,,consensus,2022,regular,-5.0,,2021-11-29T23:00:00.000Z,0.0,2.0,Grambling,Norfolk State,103,196,True,2021-11-29T23:00:00.000Z,medium,moneyline_conflict,
MEAC,-196.0,60,Morgan State,182,19687,Big South,163.0,47,Hampton,106,145.5,,consensus,2022,regular,-4.5,,2021-11-30T01:30:00.000Z,0.0,2.0,Hampton,Morgan State,106,182,True,2021-11-30T01:30:00.000Z,medium,moneyline_conflict,
SEC,336.0,91,Alabama,5,19981,WCC,-448.0,82,Gonzaga,102,164.5,,consensus,2022,regular,9.5,,2021-12-05T01:00:00.000Z,0.0,2.0,Gonzaga,Alabama,102,5,True,2021-12-05T01:00:00.000Z,high,strong_moneyline_conflict,
CUSA,-218.0,66,North Texas,204,20243,A-10,179.0,57,Massachusetts,161,135.5,,consensus,2022,regular,-5.5,,2021-12-11T21:30:00.000Z,0.0,2.0,Massachusetts,North Texas,161,204,True,2021-12-11T21:30:00.000Z,medium,moneyline_conflict,
ACC,-454.0,72,Miami,168,20289,A-10,336.0,66,Fordham,91,136.5,,consensus,2022,regular,-9.5,,2021-12-12T16:30:00.000Z,0.0,2.0,Fordham,Miami,91,168,True,2021-12-12T16:30:00.000Z,high,strong_moneyline_conflict,
ACC,-268.0,65,Florida State,90,20292,SEC,216.0,66,South Carolina,266,138.5,,consensus,2022,regular,-6.5,,2021-12-12T17:00:00.000Z,0.0,2.0,South Carolina,Florida State,266,90,True,2021-12-12T17:00:00.000Z,high,strong_moneyline_conflict,
Ivy,175.0,77,Yale,360,20320,MAAC,-217.0,91,Iona,123,143.5,,consensus,2022,regular,5.0,,2021-12-13T00:00:00.000Z,0.0,2.0,Iona,Yale,123,360,True,2021-12-13T00:00:00.000Z,medium,moneyline_conflict,
Big Ten,-1482.0,77,Purdue,236,20475,Big East,834.0,48,Butler,34,132.5,,consensus,2022,regular,-15.5,,2021-12-18T17:00:00.000Z,0.0,2.0,Butler,Purdue,34,236,True,2021-12-18T17:00:00.000Z,high,strong_moneyline_conflict,
Big 12,373.0,55,Texas Tech,298,20483,WCC,-502.0,69,Gonzaga,102,148.0,,consensus,2022,regular,10.0,,2021-12-18T18:00:00.000Z,0.0,2.0,Gonzaga,Texas Tech,102,298,True,2021-12-18T18:00:00.000Z,high,strong_moneyline_conflict,
Am. East,196.0,58,UAlbany,306,20498,MAAC,-242.0,66,Niagara,194,121.5,,consensus,2022,regular,5.5,,2021-12-18T19:00:00.000Z,0.0,2.0,Niagara,UAlbany,194,306,True,2021-12-18T19:00:00.000Z,medium,moneyline_conflict,
Big Ten,-230.0,64,Indiana,121,20500,ACC,185.0,56,Notre Dame,213,133.0,,consensus,2022,regular,-5.5,,2021-12-18T19:30:00.000Z,0.0,2.0,Notre Dame,Indiana,213,121,True,2021-12-18T19:30:00.000Z,medium,moneyline_conflict,
ACC,315.0,53,Georgia Tech,101,20521,Pac-12,-415.0,67,USC,323,134.0,,consensus,2022,regular,8.5,,2021-12-18T21:00:00.000Z,0.0,2.0,USC,Georgia Tech,323,101,True,2021-12-18T21:00:00.000Z,high,strong_moneyline_conflict,
Big West,-285.0,54,UC Irvine,308,20572,A-10,227.0,76,Duquesne,73,128.5,,consensus,2022,regular,-6.5,,2021-12-19T18:00:00.000Z,0.0,2.0,Duquesne,UC Irvine,73,308,True,2021-12-19T18:00:00.000Z,high,strong_moneyline_conflict,
Big Ten,-487.0,90,Michigan State,169,20635,Horizon,362.0,78,Oakland,214,144.5,,consensus,2022,regular,-9.5,,2021-12-22T00:30:00.000Z,0.0,2.0,Oakland,Michigan State,214,169,True,2021-12-22T00:30:00.000Z,high,strong_moneyline_conflict,
Mountain West,158.0,58,Boise State,25,20763,Pac-12,-189.0,52,Washington State,344,132.5,,consensus,2022,regular,4.5,,2021-12-23T01:00:00.000Z,0.0,2.0,Washington State,Boise State,344,25,False,2021-12-23T01:00:00.000Z,medium,moneyline_conflict,
SEC,679.0,63,Missouri,177,20772,Big Ten,-1124.0,88,Illinois,118,139.0,,consensus,2022,regular,14.5,,2021-12-23T02:00:00.000Z,2.0,2.0,Illinois,Missouri,118,177,True,2021-12-23T02:00:00.000Z,high,strong_moneyline_conflict,
WCC,-1190.0,54,BYU,18,20775,American,691.0,39,South Florida,271,127.0,,consensus,2022,regular,-14.5,,2021-12-23T02:30:00.000Z,0.0,2.0,South Florida,BYU,271,18,True,2021-12-23T02:30:00.000Z,high,strong_moneyline_conflict,
Sun Belt,285.0,85,Texas State,297,19078,WAC,-355.0,65,Utah Tech,330,134.5,,teamrankings,2022,regular,8.0,,2021-11-19T19:00:00.000Z,1.0,1.0,Utah Tech,Texas State,330,297,True,2021-11-19T19:00:00.000Z,high,strong_moneyline_conflict,
CUSA,220.0,64,Middle Tennessee,171,24723,WAC,-260.0,58,California Baptist,39,139.0,,teamrankings,2022,postseason,5.5,,2022-03-19T21:00:00.000Z,1.0,1.0,California Baptist,Middle Tennessee,39,171,True,2022-03-19T21:00:00.000Z,high,strong_moneyline_conflict,
Big South,277.0,71,Gardner-Webb,94,20399,MEAC,-360.0,72,North Carolina Central,199,140.0,,teamrankings,2022,regular,7.5,,2021-12-16T00:00:00.000Z,1.0,1.0,North Carolina Central,Gardner-Webb,199,94,False,2021-12-16T00:00:00.000Z,high,strong_moneyline_conflict,
MAC,,52,Kent State,134,211242,MAC,,69,Akron,3,166.5,171.5,Draft Kings,2026,regular,-10.5,-11.5,2026-01-30T23:00:00.000Z,-4.0,4.0,Akron,Kent State,3,134,False,2026-01-30T23:00:00.000Z,high,duplicate_provider_conflict,
Ivy,,64,Princeton,234,214699,Ivy,,87,Cornell,60,159.5,161.5,Draft Kings,2026,regular,-7.5,-5.5,2026-01-30T23:00:00.000Z,-4.0,4.0,Cornell,Princeton,60,234,False,2026-01-30T23:00:00.000Z,high,duplicate_provider_conflict,
MAAC,,82,Siena,264,211229,MAAC,,79,Niagara,194,128.5,129.5,Draft Kings,2026,regular,9.5,9.5,2026-01-30T23:30:00.000Z,4.0,4.0,Niagara,Siena,194,264,False,2026-01-30T23:30:00.000Z,high,duplicate_provider_conflict,
Ivy,,68,Dartmouth,62,211232,Ivy,,83,Yale,360,155.5,157.5,Draft Kings,2026,regular,-15.5,-14.5,2026-01-31T00:00:00.000Z,-4.0,4.0,Yale,Dartmouth,360,62,False,2026-01-31T00:00:00.000Z,high,duplicate_provider_conflict,
Ivy,,67,Pennsylvania,227,211234,Ivy,,72,Columbia,58,153.5,151.5,Draft Kings,2026,regular,-4.5,-5.5,2026-01-31T00:00:00.000Z,-4.0,4.0,Columbia,Pennsylvania,58,227,False,2026-01-31T00:00:00.000Z,high,duplicate_provider_conflict,
Horizon,,77,Northern Kentucky,210,211226,Horizon,,90,Detroit Mercy,69,161.5,162.5,Draft Kings,2026,regular,5.5,5.5,2026-01-31T00:00:00.000Z,4.0,4.0,Detroit Mercy,Northern Kentucky,69,210,False,2026-01-31T00:00:00.000Z,high,duplicate_provider_conflict,
MAAC,,90,Rider,243,211231,MAAC,,95,Manhattan,155,146.5,144.5,Draft Kings,2026,regular,-5.5,-6.5,2026-01-31T00:00:00.000Z,-4.0,4.0,Manhattan,Rider,155,243,False,2026-01-31T00:00:00.000Z,high,duplicate_provider_conflict,
MAAC,,88,Marist,156,211230,MAAC,,86,Canisius,42,129.5,125.5,Draft Kings,2026,regular,9.5,11.5,2026-01-31T00:00:00.000Z,4.0,4.0,Canisius,Marist,42,156,False,2026-01-31T00:00:00.000Z,high,duplicate_provider_conflict,
Horizon,,76,Wright State,357,211225,Horizon,,69,Milwaukee,172,151.5,150.5,Draft Kings,2026,regular,2.5,1.5,2026-01-31T01:00:00.000Z,4.0,4.0,Milwaukee,Wright State,172,357,False,2026-01-31T01:00:00.000Z,high,duplicate_provider_conflict,
MAAC,,58,Mount St. Mary's,183,211228,MAAC,,66,Saint Peter's,254,139.5,137.5,Draft Kings,2026,regular,-5.5,-6.5,2026-01-31T01:00:00.000Z,-4.0,4.0,Saint Peter's,Mount St. Mary's,254,183,False,2026-01-31T01:00:00.000Z,high,duplicate_provider_conflict,
Big Ten,-115.0,83,Michigan,170,214700,Big Ten,-105.0,71,Michigan State,169,150.5,144.5,Draft Kings,2026,regular,2.5,1.5,2026-01-31T01:00:00.000Z,4.0,4.0,Michigan State,Michigan,169,170,False,2026-01-31T01:00:00.000Z,high,duplicate_provider_conflict,
Mountain West,,76,UNLV,322,358753,Mountain West,,89,Nevada,189,145.5,148.5,Draft Kings,2026,regular,-7.5,-7.5,2026-01-31T03:00:00.000Z,-4.0,4.0,Nevada,UNLV,189,322,False,2026-01-31T03:00:00.000Z,high,duplicate_provider_conflict,
ACC,,72,Duke,72,214732,ACC,,58,Virginia Tech,340,148.5,146.5,Draft Kings,2026,regular,12.5,10.5,2026-01-31T17:00:00.000Z,4.0,4.0,Virginia Tech,Duke,340,72,False,2026-01-31T17:00:00.000Z,high,duplicate_provider_conflict,
Big East,,77,Georgetown,97,214729,Big East,,64,Butler,34,149.5,151.5,Draft Kings,2026,regular,-5.5,-6.5,2026-01-31T17:00:00.000Z,-4.0,4.0,Butler,Georgetown,34,97,False,2026-01-31T17:00:00.000Z,high,duplicate_provider_conflict,
ACC,,96,NC State,185,214731,ACC,,78,Wake Forest,342,156.5,154.5,Draft Kings,2026,regular,5.5,4.5,2026-01-31T17:00:00.000Z,4.0,4.0,Wake Forest,NC State,342,185,False,2026-01-31T17:00:00.000Z,high,duplicate_provider_conflict,
ACC,,52,Pittsburgh,229,214737,ACC,,63,Clemson,52,134.5,134.5,Draft Kings,2026,regular,-10.5,-12.5,2026-01-31T17:00:00.000Z,-4.0,4.0,Clemson,Pittsburgh,52,229,False,2026-01-31T17:00:00.000Z,high,duplicate_provider_conflict,
Big 12,,80,Texas Tech,298,214708,Big 12,,88,UCF,312,160.5,159.5,Draft Kings,2026,regular,4.5,3.5,2026-01-31T17:00:00.000Z,2.0,2.0,UCF,Texas Tech,312,298,False,2026-01-31T17:00:00.000Z,high,duplicate_provider_conflict,
SEC,,92,Texas A&M,293,211289,SEC,,77,Georgia,98,173.5,172.5,Draft Kings,2026,regular,-4.5,-3.5,2026-01-31T18:00:00.000Z,-4.0,4.0,Georgia,Texas A&M,98,293,False,2026-01-31T18:00:00.000Z,high,duplicate_provider_conflict,
Big 12,,87,Arizona,11,214709,Big 12,,74,Arizona State,10,163.5,164.5,Draft Kings,2026,regular,14.5,16.5,2026-01-31T19:00:00.000Z,4.0,4.0,Arizona State,Arizona,10,11,False,2026-01-31T19:00:00.000Z,high,duplicate_provider_conflict,
ACC,,74,SMU,248,214734,ACC,,88,Louisville,150,161.5,164.5,Draft Kings,2026,regular,-9.5,-7.5,2026-01-31T19:00:00.000Z,-4.0,4.0,Louisville,SMU,150,248,False,2026-01-31T19:00:00.000Z,high,duplicate_provider_conflict,
Big Ten,,82,Ohio State,216,214713,Big Ten,,92,Wisconsin,355,155.5,158.5,Draft Kings,2026,regular,-4.5,-2.5,2026-01-31T19:00:00.000Z,-4.0,4.0,Wisconsin,Ohio State,355,216,False,2026-01-31T19:00:00.000Z,high,duplicate_provider_conflict,
Big 12,,82,BYU,18,214706,Big 12,,90,Kansas,131,158.5,157.5,Draft Kings,2026,regular,-2.5,-4.5,2026-01-31T21:30:00.000Z,-4.0,4.0,Kansas,BYU,131,18,False,2026-01-31T21:30:00.000Z,high,duplicate_provider_conflict,
Big Ten,,98,Indiana,121,214715,Big Ten,,97,UCLA,313,142.5,143.5,Draft Kings,2026,regular,-3.5,-1.5,2026-01-31T22:00:00.000Z,-4.0,4.0,UCLA,Indiana,313,121,False,2026-01-31T22:00:00.000Z,high,duplicate_provider_conflict,
SEC,,85,Kentucky,135,211291,SEC,,77,Arkansas,12,159.5,162.5,Draft Kings,2026,regular,-6.5,-6.5,2026-01-31T23:35:00.000Z,-4.0,4.0,Arkansas,Kentucky,12,135,False,2026-01-31T23:35:00.000Z,high,duplicate_provider_conflict,
SEC,,69,Auburn,16,211285,SEC,,77,Tennessee,292,148.5,148.5,Draft Kings,2026,regular,-5.5,-6.5,2026-02-01T01:40:00.000Z,-4.0,4.0,Tennessee,Auburn,292,16,False,2026-02-01T01:40:00.000Z,high,duplicate_provider_conflict,
WCC,,65,Saint Mary's,253,358776,WCC,,73,Gonzaga,102,145.5,148.5,Draft Kings,2026,regular,-9.5,-10.5,2026-02-01T03:40:00.000Z,-2.0,2.0,Gonzaga,Saint Mary's,102,253,False,2026-02-01T03:40:00.000Z,high,duplicate_provider_conflict,
MAAC,,85,Fairfield,83,215059,MAAC,,79,Quinnipiac,238,149.5,146.5,Draft Kings,2026,regular,-7.5,-5.5,2026-02-22T19:00:00.000Z,-4.0,4.0,Quinnipiac,Fairfield,238,83,False,2026-02-22T19:00:00.000Z,high,duplicate_provider_conflict,
American,,75,Rice,241,358955,American,,81,Tulane,303,147.5,146.5,Draft Kings,2026,regular,-4.5,-5.5,2026-02-22T19:00:00.000Z,-4.0,4.0,Tulane,Rice,303,241,False,2026-02-22T19:00:00.000Z,high,duplicate_provider_conflict,
MAAC,,63,Saint Peter's,254,211842,MAAC,,72,Siena,264,135.5,134.5,Draft Kings,2026,regular,-5.5,-6.5,2026-02-22T19:00:00.000Z,-4.0,4.0,Siena,Saint Peter's,264,254,False,2026-02-22T19:00:00.000Z,high,duplicate_provider_conflict,
CAA,-130.0,62,Towson,301,211774,CAA,110.0,68,Drexel,71,130.5,130.5,Draft Kings,2026,regular,2.5,1.5,2026-02-22T19:00:00.000Z,4.0,4.0,Drexel,Towson,71,301,False,2026-02-22T19:00:00.000Z,high,duplicate_provider_conflict,
Horizon,,58,Northern Kentucky,210,211837,Horizon,,64,Youngstown State,361,153.5,152.5,Draft Kings,2026,regular,-2.5,-2.5,2026-02-22T19:00:00.000Z,-4.0,4.0,Youngstown State,Northern Kentucky,361,210,False,2026-02-22T19:00:00.000Z,high,duplicate_provider_conflict,
Horizon,,70,Milwaukee,172,211840,Horizon,,81,Oakland,214,160.5,160.5,Draft Kings,2026,regular,-5.5,-7.5,2026-02-22T20:00:00.000Z,-4.0,4.0,Oakland,Milwaukee,214,172,False,2026-02-22T20:00:00.000Z,high,duplicate_provider_conflict,
American,,74,UTSA,328,358956,American,,100,Tulsa,304,159.5,158.5,Draft Kings,2026,regular,-21.5,-23.5,2026-02-22T21:00:00.000Z,-4.0,4.0,Tulsa,UTSA,304,328,False,2026-02-22T21:00:00.000Z,high,duplicate_provider_conflict,
ACC,,74,Louisville,150,215060,ACC,,77,North Carolina,200,162.5,161.5,Draft Kings,2026,regular,3.5,1.5,2026-02-24T00:00:00.000Z,3.0,3.0,North Carolina,Louisville,200,150,False,2026-02-24T00:00:00.000Z,high,duplicate_provider_conflict,
Big 12,,56,Houston,113,215061,Big 12,,69,Kansas,131,138.5,136.5,Draft Kings,2026,regular,1.5,2.5,2026-02-24T02:00:00.000Z,3.0,3.0,Kansas,Houston,131,113,False,2026-02-24T02:00:00.000Z,high,duplicate_provider_conflict,
WCC,410.0,91,Gonzaga,102,214117,Big Ten,-550.0,82,Oregon,223,155.5,159.5,Draft Kings,2026,regular,12.5,-13.5,2025-12-21T23:00:00.000Z,0.0,4.0,Oregon,Gonzaga,223,102,True,2025-12-21T23:00:00.000Z,high,strong_moneyline_conflict,
American,-410.0,80,Florida Atlantic,86,214182,Big 12,320.0,85,UCF,312,162.5,161.5,Draft Kings,2026,regular,-8.5,8.5,2025-12-23T19:00:00.000Z,-2.0,2.0,UCF,Florida Atlantic,312,86,False,2025-12-23T19:00:00.000Z,high,strong_moneyline_conflict,
Big Ten,240.0,76,Nebraska,188,214612,Big Ten,-298.0,57,Minnesota,173,140.5,136.5,Draft Kings,2026,regular,4.5,-6.5,2026-01-24T17:00:00.000Z,4.0,4.0,Minnesota,Nebraska,173,188,False,2026-01-24T17:00:00.000Z,high,strong_moneyline_conflict,
Big East,-240.0,63,DePaul,65,358358,SEC,200.0,96,LSU,136,153.5,,ESPN BET,2026,regular,-5.5,6.5,2025-11-30T00:00:00.000Z,0.0,4.0,LSU,DePaul,136,65,True,2025-11-30T00:00:00.000Z,medium,moneyline_conflict,
MAC,450.0,82,Central Michigan,45,213145,MEAC,-700.0,59,Coppin State,59,143.5,142.5,ESPN BET,2026,regular,9.5,-10.5,2025-11-14T16:00:00.000Z,0.0,4.0,Coppin State,Central Michigan,59,45,True,2025-11-14T16:00:00.000Z,high,strong_moneyline_conflict,
Big 12,-195.0,84,BYU,18,209918,Big East,165.0,86,UConn,314,156.5,154.5,ESPN BET,2026,regular,-6.5,4.5,2025-11-16T00:00:00.000Z,0.0,4.0,UConn,BYU,314,18,True,2025-11-16T00:00:00.000Z,medium,moneyline_conflict,
Big Ten,-185.0,78,Northwestern,212,209985,ACC,155.0,83,Virginia,339,149.5,146.5,ESPN BET,2026,regular,-5.5,3.5,2025-11-21T22:00:00.000Z,-4.0,4.0,Virginia,Northwestern,339,212,True,2025-11-21T22:00:00.000Z,medium,moneyline_conflict,
CAA,-450.0,93,Northeastern,205,210011,A-10,340.0,86,Duquesne,73,146.5,150.5,ESPN BET,2026,regular,-7.5,8.5,2025-11-22T21:00:00.000Z,-2.0,2.0,Duquesne,Northeastern,73,205,False,2025-11-22T21:00:00.000Z,high,strong_moneyline_conflict,
Southland,-1400.0,80,Incarnate Word,120,358285,Big South,750.0,91,High Point,109,159.5,161.5,ESPN BET,2026,regular,-12.5,12.5,2025-11-23T00:00:00.000Z,0.0,4.0,High Point,Incarnate Word,109,120,True,2025-11-23T00:00:00.000Z,high,strong_moneyline_conflict,
Big West,-800.0,93,Cal State Fullerton,37,213433,Big Sky,500.0,97,Northern Colorado,207,164.5,159.5,ESPN BET,2026,regular,-8.5,10.5,2025-11-23T19:00:00.000Z,-2.0,2.0,Northern Colorado,Cal State Fullerton,207,37,True,2025-11-23T19:00:00.000Z,high,strong_moneyline_conflict,
A-10,475.0,92,George Washington,96,210041,CUSA,-750.0,79,Middle Tennessee,171,158.5,154.5,ESPN BET,2026,regular,9.5,-11.5,2025-11-24T22:00:00.000Z,0.0,4.0,Middle Tennessee,George Washington,171,96,True,2025-11-24T22:00:00.000Z,high,strong_moneyline_conflict,
SEC,170.0,84,Auburn,16,213462,Big Ten,-200.0,73,Oregon,223,153.5,153.5,ESPN BET,2026,regular,3.5,,2025-11-25T01:00:00.000Z,0.0,4.0,Oregon,Auburn,223,16,True,2025-11-25T01:00:00.000Z,medium,moneyline_conflict,
MVC,-320.0,96,Murray State,184,210058,A-10,260.0,95,George Washington,96,167.5,167.5,ESPN BET,2026,regular,-7.5,7.5,2025-11-26T00:30:00.000Z,-2.0,2.0,George Washington,Murray State,96,184,True,2025-11-26T00:30:00.000Z,high,strong_moneyline_conflict,
MVC,195.0,87,Belmont,22,358315,MAC,-230.0,72,Toledo,300,163.5,162.5,ESPN BET,2026,regular,4.5,-5.5,2025-11-26T18:30:00.000Z,0.0,4.0,Toledo,Belmont,300,22,True,2025-11-26T18:30:00.000Z,medium,moneyline_conflict,
A-10,-240.0,74,VCU,333,358335,SEC,200.0,89,Vanderbilt,336,161.5,162.5,ESPN BET,2026,regular,-6.5,6.5,2025-11-27T17:00:00.000Z,0.0,4.0,Vanderbilt,VCU,336,333,True,2025-11-27T17:00:00.000Z,medium,moneyline_conflict,
WCC,165.0,77,Saint Mary's,253,358336,ACC,-195.0,66,Virginia Tech,340,143.5,146.5,ESPN BET,2026,regular,4.5,-4.5,2025-11-27T19:30:00.000Z,2.0,2.0,Virginia Tech,Saint Mary's,340,253,True,2025-11-27T19:30:00.000Z,medium,moneyline_conflict,
American,210.0,97,South Florida,271,358337,CUSA,-250.0,91,Western Kentucky,350,167.5,166.5,ESPN BET,2026,regular,8.5,-6.5,2025-11-27T22:30:00.000Z,0.0,4.0,Western Kentucky,South Florida,350,271,True,2025-11-27T22:30:00.000Z,high,strong_moneyline_conflict,
Big East,-300.0,83,Providence,235,213544,Big Ten,250.0,104,Wisconsin,355,166.5,165.5,ESPN BET,2026,regular,-6.5,6.5,2025-11-27T23:00:00.000Z,0.0,4.0,Wisconsin,Providence,355,235,True,2025-11-27T23:00:00.000Z,high,strong_moneyline_conflict,
Big West,600.0,72,UC Santa Barbara,311,215457,Patriot,-1000.0,70,Lehigh,141,147.5,149.5,ESPN BET,2026,regular,10.5,-11.5,2025-11-28T21:30:00.000Z,0.0,4.0,Lehigh,UC Santa Barbara,141,311,True,2025-11-28T21:30:00.000Z,high,strong_moneyline_conflict,
